{
    "nodes": [
        {
            "deltaWidth": 0, 
            "args": {}, 
            "type": "59e9fcdb-1c18-45d9-896d-b85267809adc", 
            "id": "c38b53ab-b2da-11e5-9938-985aebd4acd1", 
            "pos": {
                "y": -71.99999999999997, 
                "x": -21.599999999999994
            }
        }, 
        {
            "deltaWidth": 0, 
            "args": {}, 
            "type": "411502c0-5a94-4475-85e9-9a775e332c19", 
            "id": "7e2fa96e-b44c-11e5-ac33-985aebd4acd1", 
            "pos": {
                "y": -220.80434228515614, 
                "x": 251.60402451171885
            }
        }
    ], 
    "edges": [], 
    "scene": {
        "width": 10000.0, 
        "height": 10000.0
    }, 
    "comments": []
}